﻿<?xml version="1.0" encoding="utf-8"?>
<abapGit version="v1.0.0" serializer="LCL_OBJECT_CLAS" serializer_version="v1.0.0">
 <asx:abap xmlns:asx="http://www.sap.com/abapxml" version="1.0">
  <asx:values>
   <VSEOCLASS>
    <CLSNAME>ZCL_CLEAN_CORE_UTILITY</CLSNAME>
    <LANGU>E</LANGU>
    <DESCRIPT>Utility class for clean core</DESCRIPT>
    <STATE>1</STATE>
    <CLSCCINCL>X</CLSCCINCL>
    <FIXPT>X</FIXPT>
    <UNICODE>X</UNICODE>
   </VSEOCLASS>
   <DESCRIPTIONS>
    <SEOCOMPOTX>
     <CMPNAME>FETCH_FIELDS_FROM_CDS_VIEW</CMPNAME>
     <LANGU>E</LANGU>
     <DESCRIPT>Fetch Fields of the CDS View entity</DESCRIPT>
    </SEOCOMPOTX>
   </DESCRIPTIONS>
   <DESCRIPTIONS_SUB>
    <SEOSUBCOTX>
     <CMPNAME>FETCH_FIELDS_FROM_CDS_VIEW</CMPNAME>
     <SCONAME>IV_CDS</SCONAME>
     <LANGU>E</LANGU>
     <DESCRIPT>CDS View Name</DESCRIPT>
    </SEOSUBCOTX>
   </DESCRIPTIONS_SUB>
  </asx:values>
 </asx:abap>
</abapGit>
