﻿<?xml version="1.0" encoding="utf-8"?>
<abapGit version="v1.0.0" serializer="LCL_OBJECT_PROG" serializer_version="v1.0.0">
 <asx:abap xmlns:asx="http://www.sap.com/abapxml" version="1.0">
  <asx:values>
   <PROGDIR>
    <NAME>ZR_CDS_WIZARD_TOOL</NAME>
    <SUBC>1</SUBC>
    <RLOAD>E</RLOAD>
    <FIXPT>X</FIXPT>
    <UCCHECK>X</UCCHECK>
   </PROGDIR>
   <CUA>
    <ADM>
     <ACTCODE>000001</ACTCODE>
     <MENCODE>000005</MENCODE>
     <PFKCODE>000001</PFKCODE>
    </ADM>
    <STA>
     <RSMPE_STAT>
      <CODE>ZPF_STATUS</CODE>
      <MODAL>D</MODAL>
      <ACTCODE>000001</ACTCODE>
      <PFKCODE>000001</PFKCODE>
      <BUTCODE>0001</BUTCODE>
      <INT_NOTE>PF status</INT_NOTE>
     </RSMPE_STAT>
    </STA>
    <FUN>
     <RSMPE_FUNT>
      <CODE>%PC</CODE>
      <TEXTNO>001</TEXTNO>
      <TEXT_TYPE>S</TEXT_TYPE>
      <TEXT_NAME>ICON_EXPORT</TEXT_NAME>
      <ICON_ID>@49@</ICON_ID>
      <FUN_TEXT>Local File...</FUN_TEXT>
     </RSMPE_FUNT>
     <RSMPE_FUNT>
      <CODE>%SC</CODE>
      <TEXTNO>001</TEXTNO>
      <TEXT_TYPE>S</TEXT_TYPE>
      <TEXT_NAME>ICON_SEARCH</TEXT_NAME>
      <ICON_ID>@13@</ICON_ID>
      <FUN_TEXT>Find</FUN_TEXT>
     </RSMPE_FUNT>
     <RSMPE_FUNT>
      <CODE>%SC+</CODE>
      <TEXTNO>001</TEXTNO>
      <TEXT_TYPE>S</TEXT_TYPE>
      <TEXT_NAME>ICON_SEARCH_NEXT</TEXT_NAME>
      <ICON_ID>@4E@</ICON_ID>
      <FUN_TEXT>Find Next</FUN_TEXT>
     </RSMPE_FUNT>
     <RSMPE_FUNT>
      <CODE>%SL</CODE>
      <TEXTNO>001</TEXTNO>
      <TEXT_TYPE>S</TEXT_TYPE>
      <TEXT_NAME>ICON_MAIL</TEXT_NAME>
      <ICON_ID>@1S@</ICON_ID>
      <FUN_TEXT>Mail Recipient</FUN_TEXT>
     </RSMPE_FUNT>
     <RSMPE_FUNT>
      <CODE>&amp;ABC</CODE>
      <TEXTNO>001</TEXTNO>
      <TEXT_TYPE>S</TEXT_TYPE>
      <TEXT_NAME>ICON_ABC</TEXT_NAME>
      <ICON_ID>@DL@</ICON_ID>
      <FUN_TEXT>ABC Analysis</FUN_TEXT>
     </RSMPE_FUNT>
     <RSMPE_FUNT>
      <CODE>&amp;ALL</CODE>
      <TEXTNO>001</TEXTNO>
      <TEXT_TYPE>S</TEXT_TYPE>
      <TEXT_NAME>ICON_SELECT_ALL</TEXT_NAME>
      <ICON_ID>@4B@</ICON_ID>
      <FUN_TEXT>Select All</FUN_TEXT>
     </RSMPE_FUNT>
     <RSMPE_FUNT>
      <CODE>&amp;AQW</CODE>
      <TEXTNO>001</TEXTNO>
      <TEXT_TYPE>S</TEXT_TYPE>
      <TEXT_NAME>ICON_WORD_PROCESSING</TEXT_NAME>
      <ICON_ID>@DK@</ICON_ID>
      <FUN_TEXT>Word Processing...</FUN_TEXT>
     </RSMPE_FUNT>
     <RSMPE_FUNT>
      <CODE>&amp;AVE</CODE>
      <TEXTNO>001</TEXTNO>
      <TEXT_TYPE>S</TEXT_TYPE>
      <TEXT_NAME>ICON_ALV_VARIANT_SAVE</TEXT_NAME>
      <ICON_ID>@DN@</ICON_ID>
      <FUN_TEXT>Save Layout...</FUN_TEXT>
     </RSMPE_FUNT>
     <RSMPE_FUNT>
      <CODE>&amp;EB9</CODE>
      <TEXTNO>001</TEXTNO>
      <TEXT_TYPE>S</TEXT_TYPE>
      <TEXT_NAME>ICON_TABLE_SETTINGS</TEXT_NAME>
      <ICON_ID>@36@</ICON_ID>
      <FUN_TEXT>Call Up Report...</FUN_TEXT>
     </RSMPE_FUNT>
     <RSMPE_FUNT>
      <CODE>&amp;ETA</CODE>
      <TEXTNO>001</TEXTNO>
      <TEXT_TYPE>S</TEXT_TYPE>
      <TEXT_NAME>ICON_SELECT_DETAIL</TEXT_NAME>
      <ICON_ID>@16@</ICON_ID>
      <FUN_TEXT>Details</FUN_TEXT>
     </RSMPE_FUNT>
     <RSMPE_FUNT>
      <CODE>&amp;F03</CODE>
      <TEXTNO>001</TEXTNO>
      <TEXT_TYPE>S</TEXT_TYPE>
      <FUN_TEXT>Back</FUN_TEXT>
     </RSMPE_FUNT>
     <RSMPE_FUNT>
      <CODE>&amp;F12</CODE>
      <TEXTNO>001</TEXTNO>
      <TEXT_TYPE>S</TEXT_TYPE>
      <TEXT_NAME>ICON_CANCEL</TEXT_NAME>
      <ICON_ID>@0W@</ICON_ID>
      <FUN_TEXT>Cancel</FUN_TEXT>
     </RSMPE_FUNT>
     <RSMPE_FUNT>
      <CODE>&amp;F15</CODE>
      <TEXTNO>001</TEXTNO>
      <TEXT_TYPE>S</TEXT_TYPE>
      <FUN_TEXT>Exit</FUN_TEXT>
     </RSMPE_FUNT>
     <RSMPE_FUNT>
      <CODE>&amp;GRAPH</CODE>
      <TEXTNO>001</TEXTNO>
      <TEXT_TYPE>S</TEXT_TYPE>
      <TEXT_NAME>ICON_GRAPHICS</TEXT_NAME>
      <ICON_ID>@0N@</ICON_ID>
      <FUN_TEXT>Graphic</FUN_TEXT>
     </RSMPE_FUNT>
     <RSMPE_FUNT>
      <CODE>&amp;ILD</CODE>
      <TEXTNO>001</TEXTNO>
      <TEXT_TYPE>S</TEXT_TYPE>
      <TEXT_NAME>ICON_FILTER_UNDO</TEXT_NAME>
      <ICON_ID>@GD@</ICON_ID>
      <FUN_TEXT>Delete Filter</FUN_TEXT>
     </RSMPE_FUNT>
     <RSMPE_FUNT>
      <CODE>&amp;ILT</CODE>
      <TEXTNO>001</TEXTNO>
      <TEXT_TYPE>S</TEXT_TYPE>
      <TEXT_NAME>ICON_FILTER</TEXT_NAME>
      <ICON_ID>@4G@</ICON_ID>
      <FUN_TEXT>Set Filter</FUN_TEXT>
     </RSMPE_FUNT>
     <RSMPE_FUNT>
      <CODE>&amp;INFO</CODE>
      <TEXTNO>001</TEXTNO>
      <TEXT_TYPE>S</TEXT_TYPE>
      <TEXT_NAME>ICON_INFORMATION</TEXT_NAME>
      <ICON_ID>@0S@</ICON_ID>
      <FUN_TEXT>Information</FUN_TEXT>
     </RSMPE_FUNT>
     <RSMPE_FUNT>
      <CODE>&amp;OAD</CODE>
      <TEXTNO>001</TEXTNO>
      <TEXT_TYPE>S</TEXT_TYPE>
      <TEXT_NAME>ICON_ALV_VARIANT_CHOOSE</TEXT_NAME>
      <ICON_ID>@DM@</ICON_ID>
      <FUN_TEXT>Select Layout...</FUN_TEXT>
     </RSMPE_FUNT>
     <RSMPE_FUNT>
      <CODE>&amp;ODN</CODE>
      <TEXTNO>001</TEXTNO>
      <TEXT_TYPE>S</TEXT_TYPE>
      <TEXT_NAME>ICON_SORT_DOWN</TEXT_NAME>
      <ICON_ID>@3F@</ICON_ID>
      <FUN_TEXT>Sort in Descendin...</FUN_TEXT>
     </RSMPE_FUNT>
     <RSMPE_FUNT>
      <CODE>&amp;OL0</CODE>
      <TEXTNO>001</TEXTNO>
      <TEXT_TYPE>S</TEXT_TYPE>
      <TEXT_NAME>ICON_ALV_VARIANTS</TEXT_NAME>
      <ICON_ID>@LZ@</ICON_ID>
      <FUN_TEXT>Change Layout...</FUN_TEXT>
     </RSMPE_FUNT>
     <RSMPE_FUNT>
      <CODE>&amp;OUP</CODE>
      <TEXTNO>001</TEXTNO>
      <TEXT_TYPE>S</TEXT_TYPE>
      <TEXT_NAME>ICON_SORT_UP</TEXT_NAME>
      <ICON_ID>@3E@</ICON_ID>
      <FUN_TEXT>Sort in Ascending Order</FUN_TEXT>
     </RSMPE_FUNT>
     <RSMPE_FUNT>
      <CODE>&amp;REFRESH</CODE>
      <TEXTNO>001</TEXTNO>
      <TEXT_TYPE>S</TEXT_TYPE>
      <TEXT_NAME>ICON_REFRESH</TEXT_NAME>
      <ICON_ID>@42@</ICON_ID>
      <FUN_TEXT>Refresh</FUN_TEXT>
     </RSMPE_FUNT>
     <RSMPE_FUNT>
      <CODE>&amp;RNT</CODE>
      <TEXTNO>001</TEXTNO>
      <TEXT_TYPE>S</TEXT_TYPE>
      <TEXT_NAME>ICON_PRINT</TEXT_NAME>
      <ICON_ID>@0X@</ICON_ID>
      <FUN_TEXT>Print</FUN_TEXT>
     </RSMPE_FUNT>
     <RSMPE_FUNT>
      <CODE>&amp;RNT_PREV</CODE>
      <TEXTNO>001</TEXTNO>
      <TEXT_TYPE>S</TEXT_TYPE>
      <TEXT_NAME>ICON_LAYOUT_CONTROL</TEXT_NAME>
      <ICON_ID>@3G@</ICON_ID>
      <FUN_TEXT>Print Preview</FUN_TEXT>
     </RSMPE_FUNT>
     <RSMPE_FUNT>
      <CODE>&amp;SAL</CODE>
      <TEXTNO>001</TEXTNO>
      <TEXT_TYPE>S</TEXT_TYPE>
      <TEXT_NAME>ICON_DESELECT_ALL</TEXT_NAME>
      <ICON_ID>@4D@</ICON_ID>
      <FUN_TEXT>Deselect All</FUN_TEXT>
     </RSMPE_FUNT>
     <RSMPE_FUNT>
      <CODE>&amp;SUM</CODE>
      <TEXTNO>001</TEXTNO>
      <TEXT_TYPE>S</TEXT_TYPE>
      <TEXT_NAME>ICON_INTERMEDIATE_SUM</TEXT_NAME>
      <ICON_ID>@5V@</ICON_ID>
      <FUN_TEXT>Subtotals...</FUN_TEXT>
     </RSMPE_FUNT>
     <RSMPE_FUNT>
      <CODE>&amp;TC1</CODE>
      <TEXTNO>001</TEXTNO>
      <TEXT_TYPE>S</TEXT_TYPE>
      <TEXT_NAME>ICON_SELECT_DETAIL</TEXT_NAME>
      <ICON_ID>@16@</ICON_ID>
      <FUN_TEXT>Choose</FUN_TEXT>
      <PATH>S</PATH>
     </RSMPE_FUNT>
     <RSMPE_FUNT>
      <CODE>&amp;UMC</CODE>
      <TEXTNO>001</TEXTNO>
      <TEXT_TYPE>S</TEXT_TYPE>
      <TEXT_NAME>ICON_SUM</TEXT_NAME>
      <ICON_ID>@3Z@</ICON_ID>
      <FUN_TEXT>Total</FUN_TEXT>
     </RSMPE_FUNT>
     <RSMPE_FUNT>
      <CODE>&amp;VCRYSTAL</CODE>
      <TEXTNO>001</TEXTNO>
      <TEXT_TYPE>S</TEXT_TYPE>
      <FUN_TEXT>Crystal Reports</FUN_TEXT>
     </RSMPE_FUNT>
     <RSMPE_FUNT>
      <CODE>&amp;VEXCEL</CODE>
      <TEXTNO>001</TEXTNO>
      <TEXT_TYPE>S</TEXT_TYPE>
      <TEXT_NAME>ICON_XLS</TEXT_NAME>
      <ICON_ID>@J2@</ICON_ID>
      <FUN_TEXT>Microsoft Excel</FUN_TEXT>
     </RSMPE_FUNT>
     <RSMPE_FUNT>
      <CODE>&amp;VGRID</CODE>
      <TEXTNO>001</TEXTNO>
      <TEXT_TYPE>S</TEXT_TYPE>
      <FUN_TEXT>SAP List Viewer</FUN_TEXT>
     </RSMPE_FUNT>
     <RSMPE_FUNT>
      <CODE>SAVE</CODE>
      <TEXTNO>001</TEXTNO>
      <TEXT_TYPE>S</TEXT_TYPE>
      <TEXT_NAME>ICON_SYSTEM_SAVE</TEXT_NAME>
      <ICON_ID>@2L@</ICON_ID>
      <FUN_TEXT>Save</FUN_TEXT>
     </RSMPE_FUNT>
    </FUN>
    <MEN>
     <RSMPE_MEN>
      <CODE>000001</CODE>
      <NO>01</NO>
      <REF_TYPE>F</REF_TYPE>
      <REF_CODE>&lt;01&gt;</REF_CODE>
     </RSMPE_MEN>
     <RSMPE_MEN>
      <CODE>000001</CODE>
      <NO>02</NO>
      <REF_TYPE>F</REF_TYPE>
      <REF_CODE>&lt;02&gt;</REF_CODE>
     </RSMPE_MEN>
     <RSMPE_MEN>
      <CODE>000001</CODE>
      <NO>03</NO>
      <REF_TYPE>F</REF_TYPE>
      <REF_CODE>&lt;03&gt;</REF_CODE>
     </RSMPE_MEN>
     <RSMPE_MEN>
      <CODE>000001</CODE>
      <NO>04</NO>
      <REF_TYPE>F</REF_TYPE>
      <REF_CODE>&lt;04&gt;</REF_CODE>
     </RSMPE_MEN>
     <RSMPE_MEN>
      <CODE>000001</CODE>
      <NO>05</NO>
      <REF_TYPE>F</REF_TYPE>
      <REF_CODE>&lt;05&gt;</REF_CODE>
     </RSMPE_MEN>
     <RSMPE_MEN>
      <CODE>000001</CODE>
      <NO>06</NO>
      <REF_TYPE>S</REF_TYPE>
      <REF_CODE>&lt;S1&gt;</REF_CODE>
     </RSMPE_MEN>
     <RSMPE_MEN>
      <CODE>000001</CODE>
      <NO>07</NO>
      <REF_TYPE>F</REF_TYPE>
      <REF_CODE>&lt;06&gt;</REF_CODE>
     </RSMPE_MEN>
     <RSMPE_MEN>
      <CODE>000001</CODE>
      <NO>08</NO>
      <REF_TYPE>S</REF_TYPE>
      <REF_CODE>&lt;S1&gt;</REF_CODE>
     </RSMPE_MEN>
     <RSMPE_MEN>
      <CODE>000001</CODE>
      <NO>09</NO>
      <REF_TYPE>F</REF_TYPE>
      <REF_CODE>&lt;09&gt;</REF_CODE>
     </RSMPE_MEN>
     <RSMPE_MEN>
      <CODE>000001</CODE>
      <NO>10</NO>
      <REF_TYPE>S</REF_TYPE>
      <REF_CODE>&lt;S1&gt;</REF_CODE>
     </RSMPE_MEN>
     <RSMPE_MEN>
      <CODE>000001</CODE>
      <NO>11</NO>
      <REF_TYPE>F</REF_TYPE>
      <REF_CODE>&lt;10&gt;</REF_CODE>
     </RSMPE_MEN>
     <RSMPE_MEN>
      <CODE>000001</CODE>
      <NO>12</NO>
      <REF_TYPE>F</REF_TYPE>
      <REF_CODE>&lt;11&gt;</REF_CODE>
     </RSMPE_MEN>
     <RSMPE_MEN>
      <CODE>000002</CODE>
      <NO>01</NO>
      <REF_TYPE>F</REF_TYPE>
      <REF_CODE>&lt;12&gt;</REF_CODE>
     </RSMPE_MEN>
     <RSMPE_MEN>
      <CODE>000002</CODE>
      <NO>02</NO>
      <REF_TYPE>F</REF_TYPE>
      <REF_CODE>&lt;13&gt;</REF_CODE>
     </RSMPE_MEN>
     <RSMPE_MEN>
      <CODE>000002</CODE>
      <NO>03</NO>
      <REF_TYPE>F</REF_TYPE>
      <REF_CODE>&lt;24&gt;</REF_CODE>
     </RSMPE_MEN>
     <RSMPE_MEN>
      <CODE>000002</CODE>
      <NO>04</NO>
      <REF_TYPE>F</REF_TYPE>
      <REF_CODE>&lt;14&gt;</REF_CODE>
     </RSMPE_MEN>
     <RSMPE_MEN>
      <CODE>000002</CODE>
      <NO>05</NO>
      <REF_TYPE>S</REF_TYPE>
      <REF_CODE>&lt;S1&gt;</REF_CODE>
     </RSMPE_MEN>
     <RSMPE_MEN>
      <CODE>000002</CODE>
      <NO>06</NO>
      <REF_TYPE>F</REF_TYPE>
      <REF_CODE>&lt;16&gt;</REF_CODE>
     </RSMPE_MEN>
     <RSMPE_MEN>
      <CODE>000002</CODE>
      <NO>07</NO>
      <REF_TYPE>F</REF_TYPE>
      <REF_CODE>&lt;17&gt;</REF_CODE>
     </RSMPE_MEN>
     <RSMPE_MEN>
      <CODE>000002</CODE>
      <NO>08</NO>
      <REF_TYPE>F</REF_TYPE>
      <REF_CODE>&lt;18&gt;</REF_CODE>
     </RSMPE_MEN>
     <RSMPE_MEN>
      <CODE>000002</CODE>
      <NO>09</NO>
      <REF_TYPE>S</REF_TYPE>
      <REF_CODE>&lt;S1&gt;</REF_CODE>
     </RSMPE_MEN>
     <RSMPE_MEN>
      <CODE>000002</CODE>
      <NO>10</NO>
      <REF_TYPE>F</REF_TYPE>
      <REF_CODE>&lt;26&gt;</REF_CODE>
     </RSMPE_MEN>
     <RSMPE_MEN>
      <CODE>000002</CODE>
      <NO>11</NO>
      <REF_TYPE>F</REF_TYPE>
      <REF_CODE>&lt;27&gt;</REF_CODE>
     </RSMPE_MEN>
     <RSMPE_MEN>
      <CODE>000002</CODE>
      <NO>12</NO>
      <REF_TYPE>F</REF_TYPE>
      <REF_CODE>&lt;20&gt;</REF_CODE>
     </RSMPE_MEN>
     <RSMPE_MEN>
      <CODE>000002</CODE>
      <NO>13</NO>
      <REF_TYPE>S</REF_TYPE>
      <REF_CODE>&lt;S1&gt;</REF_CODE>
     </RSMPE_MEN>
     <RSMPE_MEN>
      <CODE>000002</CODE>
      <NO>14</NO>
      <REF_TYPE>F</REF_TYPE>
      <REF_CODE>&lt;22&gt;</REF_CODE>
     </RSMPE_MEN>
     <RSMPE_MEN>
      <CODE>000003</CODE>
      <NO>01</NO>
      <REF_TYPE>S</REF_TYPE>
      <REF_CODE>&lt;S1&gt;</REF_CODE>
     </RSMPE_MEN>
     <RSMPE_MEN>
      <CODE>000003</CODE>
      <NO>02</NO>
      <REF_TYPE>F</REF_TYPE>
      <REF_CODE>&lt;23&gt;</REF_CODE>
     </RSMPE_MEN>
    </MEN>
    <MTX>
     <RSMPE_MNLT>
      <CODE>000001</CODE>
      <TEXT_TYPE>S</TEXT_TYPE>
      <TEXT>List</TEXT>
      <PATH>L</PATH>
      <INT_NOTE>Standard Supplement</INT_NOTE>
     </RSMPE_MNLT>
     <RSMPE_MNLT>
      <CODE>000002</CODE>
      <TEXT_TYPE>S</TEXT_TYPE>
      <TEXT>Edit</TEXT>
      <PATH>E</PATH>
      <INT_NOTE>Standard Supplement</INT_NOTE>
     </RSMPE_MNLT>
     <RSMPE_MNLT>
      <CODE>000003</CODE>
      <TEXT_TYPE>S</TEXT_TYPE>
      <TEXT>Goto</TEXT>
      <PATH>G</PATH>
      <INT_NOTE>Standard Supplement</INT_NOTE>
     </RSMPE_MNLT>
     <RSMPE_MNLT>
      <CODE>000004</CODE>
      <TEXT_TYPE>S</TEXT_TYPE>
      <TEXT>Extras</TEXT>
      <PATH>A</PATH>
      <INT_NOTE>Standard Supplement</INT_NOTE>
     </RSMPE_MNLT>
     <RSMPE_MNLT>
      <CODE>000005</CODE>
      <TEXT_TYPE>S</TEXT_TYPE>
      <TEXT>Environment</TEXT>
      <PATH>V</PATH>
      <INT_NOTE>Standard Supplement</INT_NOTE>
     </RSMPE_MNLT>
    </MTX>
    <ACT>
     <RSMPE_ACT>
      <CODE>000001</CODE>
      <NO>01</NO>
      <MENUCODE>000001</MENUCODE>
     </RSMPE_ACT>
     <RSMPE_ACT>
      <CODE>000001</CODE>
      <NO>02</NO>
      <MENUCODE>000002</MENUCODE>
     </RSMPE_ACT>
     <RSMPE_ACT>
      <CODE>000001</CODE>
      <NO>03</NO>
      <MENUCODE>000003</MENUCODE>
     </RSMPE_ACT>
     <RSMPE_ACT>
      <CODE>000001</CODE>
      <NO>04</NO>
      <MENUCODE>000004</MENUCODE>
     </RSMPE_ACT>
    </ACT>
    <BUT>
     <RSMPE_BUT>
      <PFK_CODE>000001</PFK_CODE>
      <CODE>0001</CODE>
      <NO>01</NO>
      <PFNO>11</PFNO>
     </RSMPE_BUT>
    </BUT>
    <PFK>
     <RSMPE_PFK>
      <CODE>000001</CODE>
      <PFNO>02</PFNO>
      <FUNCODE>&amp;TC1</FUNCODE>
      <FUNNO>001</FUNNO>
     </RSMPE_PFK>
     <RSMPE_PFK>
      <CODE>000001</CODE>
      <PFNO>03</PFNO>
      <FUNCODE>&amp;F03</FUNCODE>
      <FUNNO>001</FUNNO>
     </RSMPE_PFK>
     <RSMPE_PFK>
      <CODE>000001</CODE>
      <PFNO>05</PFNO>
      <FUNCODE>&amp;ALL</FUNCODE>
      <FUNNO>001</FUNNO>
     </RSMPE_PFK>
     <RSMPE_PFK>
      <CODE>000001</CODE>
      <PFNO>06</PFNO>
      <FUNCODE>&amp;SAL</FUNCODE>
      <FUNNO>001</FUNNO>
     </RSMPE_PFK>
     <RSMPE_PFK>
      <CODE>000001</CODE>
      <PFNO>08</PFNO>
      <FUNCODE>&amp;REFRESH</FUNCODE>
      <FUNNO>001</FUNNO>
     </RSMPE_PFK>
     <RSMPE_PFK>
      <CODE>000001</CODE>
      <PFNO>11</PFNO>
      <FUNCODE>SAVE</FUNCODE>
      <FUNNO>001</FUNNO>
     </RSMPE_PFK>
     <RSMPE_PFK>
      <CODE>000001</CODE>
      <PFNO>12</PFNO>
      <FUNCODE>&amp;F12</FUNCODE>
      <FUNNO>001</FUNNO>
     </RSMPE_PFK>
     <RSMPE_PFK>
      <CODE>000001</CODE>
      <PFNO>15</PFNO>
      <FUNCODE>&amp;F15</FUNCODE>
      <FUNNO>001</FUNNO>
     </RSMPE_PFK>
     <RSMPE_PFK>
      <CODE>000001</CODE>
      <PFNO>25</PFNO>
      <FUNCODE>&amp;ABC</FUNCODE>
      <FUNNO>001</FUNNO>
     </RSMPE_PFK>
     <RSMPE_PFK>
      <CODE>000001</CODE>
      <PFNO>28</PFNO>
      <FUNCODE>&amp;OUP</FUNCODE>
      <FUNNO>001</FUNNO>
     </RSMPE_PFK>
     <RSMPE_PFK>
      <CODE>000001</CODE>
      <PFNO>29</PFNO>
      <FUNCODE>&amp;ILT</FUNCODE>
      <FUNNO>001</FUNNO>
     </RSMPE_PFK>
     <RSMPE_PFK>
      <CODE>000001</CODE>
      <PFNO>30</PFNO>
      <FUNCODE>&amp;UMC</FUNCODE>
      <FUNNO>001</FUNNO>
     </RSMPE_PFK>
     <RSMPE_PFK>
      <CODE>000001</CODE>
      <PFNO>31</PFNO>
      <FUNCODE>%SL</FUNCODE>
      <FUNNO>001</FUNNO>
     </RSMPE_PFK>
     <RSMPE_PFK>
      <CODE>000001</CODE>
      <PFNO>32</PFNO>
      <FUNCODE>&amp;OL0</FUNCODE>
      <FUNNO>001</FUNNO>
     </RSMPE_PFK>
     <RSMPE_PFK>
      <CODE>000001</CODE>
      <PFNO>33</PFNO>
      <FUNCODE>&amp;OAD</FUNCODE>
      <FUNNO>001</FUNNO>
     </RSMPE_PFK>
     <RSMPE_PFK>
      <CODE>000001</CODE>
      <PFNO>34</PFNO>
      <FUNCODE>&amp;AVE</FUNCODE>
      <FUNNO>001</FUNNO>
     </RSMPE_PFK>
     <RSMPE_PFK>
      <CODE>000001</CODE>
      <PFNO>36</PFNO>
      <FUNCODE>&amp;INFO</FUNCODE>
      <FUNNO>001</FUNNO>
     </RSMPE_PFK>
     <RSMPE_PFK>
      <CODE>000001</CODE>
      <PFNO>37</PFNO>
      <FUNCODE>&amp;EB9</FUNCODE>
      <FUNNO>001</FUNNO>
     </RSMPE_PFK>
     <RSMPE_PFK>
      <CODE>000001</CODE>
      <PFNO>38</PFNO>
      <FUNCODE>&amp;ILD</FUNCODE>
      <FUNNO>001</FUNNO>
     </RSMPE_PFK>
     <RSMPE_PFK>
      <CODE>000001</CODE>
      <PFNO>39</PFNO>
      <FUNCODE>&amp;ETA</FUNCODE>
      <FUNNO>001</FUNNO>
     </RSMPE_PFK>
     <RSMPE_PFK>
      <CODE>000001</CODE>
      <PFNO>40</PFNO>
      <FUNCODE>&amp;ODN</FUNCODE>
      <FUNNO>001</FUNNO>
     </RSMPE_PFK>
     <RSMPE_PFK>
      <CODE>000001</CODE>
      <PFNO>41</PFNO>
      <FUNCODE>&amp;VGRID</FUNCODE>
      <FUNNO>001</FUNNO>
     </RSMPE_PFK>
     <RSMPE_PFK>
      <CODE>000001</CODE>
      <PFNO>42</PFNO>
      <FUNCODE>&amp;SUM</FUNCODE>
      <FUNNO>001</FUNNO>
     </RSMPE_PFK>
     <RSMPE_PFK>
      <CODE>000001</CODE>
      <PFNO>43</PFNO>
      <FUNCODE>&amp;VEXCEL</FUNCODE>
      <FUNNO>001</FUNNO>
     </RSMPE_PFK>
     <RSMPE_PFK>
      <CODE>000001</CODE>
      <PFNO>44</PFNO>
      <FUNCODE>&amp;AQW</FUNCODE>
      <FUNNO>001</FUNNO>
     </RSMPE_PFK>
     <RSMPE_PFK>
      <CODE>000001</CODE>
      <PFNO>45</PFNO>
      <FUNCODE>%PC</FUNCODE>
      <FUNNO>001</FUNNO>
     </RSMPE_PFK>
     <RSMPE_PFK>
      <CODE>000001</CODE>
      <PFNO>46</PFNO>
      <FUNCODE>&amp;RNT_PREV</FUNCODE>
      <FUNNO>001</FUNNO>
     </RSMPE_PFK>
     <RSMPE_PFK>
      <CODE>000001</CODE>
      <PFNO>47</PFNO>
      <FUNCODE>&amp;GRAPH</FUNCODE>
      <FUNNO>001</FUNNO>
     </RSMPE_PFK>
     <RSMPE_PFK>
      <CODE>000001</CODE>
      <PFNO>48</PFNO>
      <FUNCODE>&amp;VCRYSTAL</FUNCODE>
      <FUNNO>001</FUNNO>
     </RSMPE_PFK>
     <RSMPE_PFK>
      <CODE>000001</CODE>
      <PFNO>71</PFNO>
      <FUNCODE>%SC</FUNCODE>
      <FUNNO>001</FUNNO>
     </RSMPE_PFK>
     <RSMPE_PFK>
      <CODE>000001</CODE>
      <PFNO>84</PFNO>
      <FUNCODE>%SC+</FUNCODE>
      <FUNNO>001</FUNNO>
     </RSMPE_PFK>
     <RSMPE_PFK>
      <CODE>000001</CODE>
      <PFNO>86</PFNO>
      <FUNCODE>&amp;RNT</FUNCODE>
      <FUNNO>001</FUNNO>
     </RSMPE_PFK>
    </PFK>
    <SET>
     <RSMPE_STAF>
      <STATUS>ZPF_STATUS</STATUS>
      <FUNCTION>%PC</FUNCTION>
     </RSMPE_STAF>
     <RSMPE_STAF>
      <STATUS>ZPF_STATUS</STATUS>
      <FUNCTION>%SC</FUNCTION>
     </RSMPE_STAF>
     <RSMPE_STAF>
      <STATUS>ZPF_STATUS</STATUS>
      <FUNCTION>%SC+</FUNCTION>
     </RSMPE_STAF>
     <RSMPE_STAF>
      <STATUS>ZPF_STATUS</STATUS>
      <FUNCTION>%SL</FUNCTION>
     </RSMPE_STAF>
     <RSMPE_STAF>
      <STATUS>ZPF_STATUS</STATUS>
      <FUNCTION>&amp;ABC</FUNCTION>
     </RSMPE_STAF>
     <RSMPE_STAF>
      <STATUS>ZPF_STATUS</STATUS>
      <FUNCTION>&amp;ALL</FUNCTION>
     </RSMPE_STAF>
     <RSMPE_STAF>
      <STATUS>ZPF_STATUS</STATUS>
      <FUNCTION>&amp;AQW</FUNCTION>
     </RSMPE_STAF>
     <RSMPE_STAF>
      <STATUS>ZPF_STATUS</STATUS>
      <FUNCTION>&amp;AVE</FUNCTION>
     </RSMPE_STAF>
     <RSMPE_STAF>
      <STATUS>ZPF_STATUS</STATUS>
      <FUNCTION>&amp;EB9</FUNCTION>
     </RSMPE_STAF>
     <RSMPE_STAF>
      <STATUS>ZPF_STATUS</STATUS>
      <FUNCTION>&amp;ETA</FUNCTION>
     </RSMPE_STAF>
     <RSMPE_STAF>
      <STATUS>ZPF_STATUS</STATUS>
      <FUNCTION>&amp;F03</FUNCTION>
     </RSMPE_STAF>
     <RSMPE_STAF>
      <STATUS>ZPF_STATUS</STATUS>
      <FUNCTION>&amp;F12</FUNCTION>
     </RSMPE_STAF>
     <RSMPE_STAF>
      <STATUS>ZPF_STATUS</STATUS>
      <FUNCTION>&amp;F15</FUNCTION>
     </RSMPE_STAF>
     <RSMPE_STAF>
      <STATUS>ZPF_STATUS</STATUS>
      <FUNCTION>&amp;GRAPH</FUNCTION>
     </RSMPE_STAF>
     <RSMPE_STAF>
      <STATUS>ZPF_STATUS</STATUS>
      <FUNCTION>&amp;ILD</FUNCTION>
     </RSMPE_STAF>
     <RSMPE_STAF>
      <STATUS>ZPF_STATUS</STATUS>
      <FUNCTION>&amp;ILT</FUNCTION>
     </RSMPE_STAF>
     <RSMPE_STAF>
      <STATUS>ZPF_STATUS</STATUS>
      <FUNCTION>&amp;INFO</FUNCTION>
     </RSMPE_STAF>
     <RSMPE_STAF>
      <STATUS>ZPF_STATUS</STATUS>
      <FUNCTION>&amp;OAD</FUNCTION>
     </RSMPE_STAF>
     <RSMPE_STAF>
      <STATUS>ZPF_STATUS</STATUS>
      <FUNCTION>&amp;ODN</FUNCTION>
     </RSMPE_STAF>
     <RSMPE_STAF>
      <STATUS>ZPF_STATUS</STATUS>
      <FUNCTION>&amp;OL0</FUNCTION>
     </RSMPE_STAF>
     <RSMPE_STAF>
      <STATUS>ZPF_STATUS</STATUS>
      <FUNCTION>&amp;OUP</FUNCTION>
     </RSMPE_STAF>
     <RSMPE_STAF>
      <STATUS>ZPF_STATUS</STATUS>
      <FUNCTION>&amp;REFRESH</FUNCTION>
     </RSMPE_STAF>
     <RSMPE_STAF>
      <STATUS>ZPF_STATUS</STATUS>
      <FUNCTION>&amp;RNT</FUNCTION>
     </RSMPE_STAF>
     <RSMPE_STAF>
      <STATUS>ZPF_STATUS</STATUS>
      <FUNCTION>&amp;RNT_PREV</FUNCTION>
     </RSMPE_STAF>
     <RSMPE_STAF>
      <STATUS>ZPF_STATUS</STATUS>
      <FUNCTION>&amp;SAL</FUNCTION>
     </RSMPE_STAF>
     <RSMPE_STAF>
      <STATUS>ZPF_STATUS</STATUS>
      <FUNCTION>&amp;SUM</FUNCTION>
     </RSMPE_STAF>
     <RSMPE_STAF>
      <STATUS>ZPF_STATUS</STATUS>
      <FUNCTION>&amp;TC1</FUNCTION>
     </RSMPE_STAF>
     <RSMPE_STAF>
      <STATUS>ZPF_STATUS</STATUS>
      <FUNCTION>&amp;UMC</FUNCTION>
     </RSMPE_STAF>
     <RSMPE_STAF>
      <STATUS>ZPF_STATUS</STATUS>
      <FUNCTION>&amp;VCRYSTAL</FUNCTION>
     </RSMPE_STAF>
     <RSMPE_STAF>
      <STATUS>ZPF_STATUS</STATUS>
      <FUNCTION>&amp;VEXCEL</FUNCTION>
     </RSMPE_STAF>
     <RSMPE_STAF>
      <STATUS>ZPF_STATUS</STATUS>
      <FUNCTION>&amp;VGRID</FUNCTION>
     </RSMPE_STAF>
     <RSMPE_STAF>
      <STATUS>ZPF_STATUS</STATUS>
      <FUNCTION>SAVE</FUNCTION>
     </RSMPE_STAF>
    </SET>
    <DOC>
     <RSMPE_ATRT>
      <OBJ_TYPE>A</OBJ_TYPE>
      <OBJ_CODE>000001</OBJ_CODE>
      <MODAL>D</MODAL>
      <NORM>X</NORM>
      <INT_NOTE>PF status</INT_NOTE>
     </RSMPE_ATRT>
     <RSMPE_ATRT>
      <OBJ_TYPE>P</OBJ_TYPE>
      <OBJ_CODE>000001</OBJ_CODE>
      <MODAL>D</MODAL>
      <INT_NOTE>PF status</INT_NOTE>
     </RSMPE_ATRT>
     <RSMPE_ATRT>
      <OBJ_TYPE>B</OBJ_TYPE>
      <OBJ_CODE>000001</OBJ_CODE>
      <SUB_CODE>0001</SUB_CODE>
      <MODAL>D</MODAL>
      <INT_NOTE>PF status</INT_NOTE>
     </RSMPE_ATRT>
    </DOC>
   </CUA>
   <TPOOL>
    <item>
     <ID>I</ID>
     <KEY>001</KEY>
     <ENTRY>Please Enter only Z Package</ENTRY>
     <LENGTH>54</LENGTH>
    </item>
    <item>
     <ID>I</ID>
     <KEY>002</KEY>
     <ENTRY>Program</ENTRY>
     <LENGTH>17</LENGTH>
    </item>
    <item>
     <ID>I</ID>
     <KEY>003</KEY>
     <ENTRY>Class</ENTRY>
     <LENGTH>15</LENGTH>
    </item>
    <item>
     <ID>I</ID>
     <KEY>004</KEY>
     <ENTRY>Function Module</ENTRY>
     <LENGTH>25</LENGTH>
    </item>
    <item>
     <ID>I</ID>
     <KEY>005</KEY>
     <ENTRY>Type of Object</ENTRY>
     <LENGTH>24</LENGTH>
    </item>
    <item>
     <ID>I</ID>
     <KEY>006</KEY>
     <ENTRY>Selection Fields</ENTRY>
     <LENGTH>26</LENGTH>
    </item>
    <item>
     <ID>I</ID>
     <KEY>007</KEY>
     <ENTRY>Include</ENTRY>
     <LENGTH>17</LENGTH>
    </item>
    <item>
     <ID>R</ID>
     <ENTRY>Replace DB tables with their respective CDS entities</ENTRY>
     <LENGTH>52</LENGTH>
    </item>
    <item>
     <ID>S</ID>
     <KEY>P_CLS</KEY>
     <ENTRY>Class</ENTRY>
     <LENGTH>13</LENGTH>
    </item>
    <item>
     <ID>S</ID>
     <KEY>P_FUN</KEY>
     <ENTRY>Function Module</ENTRY>
     <LENGTH>23</LENGTH>
    </item>
    <item>
     <ID>S</ID>
     <KEY>P_INC</KEY>
     <ENTRY>Include</ENTRY>
     <LENGTH>15</LENGTH>
    </item>
    <item>
     <ID>S</ID>
     <KEY>P_PRG</KEY>
     <ENTRY>Program</ENTRY>
     <LENGTH>15</LENGTH>
    </item>
    <item>
     <ID>S</ID>
     <KEY>P_SIM</KEY>
     <ENTRY>Simulation Mode</ENTRY>
     <LENGTH>23</LENGTH>
    </item>
    <item>
     <ID>S</ID>
     <KEY>P_TR</KEY>
     <ENTRY>Transport Request</ENTRY>
     <LENGTH>25</LENGTH>
    </item>
    <item>
     <ID>S</ID>
     <KEY>S_CDS</KEY>
     <ENTRY>CDS View</ENTRY>
     <LENGTH>16</LENGTH>
    </item>
    <item>
     <ID>S</ID>
     <KEY>S_CLS</KEY>
     <ENTRY>Class Name</ENTRY>
     <LENGTH>18</LENGTH>
    </item>
    <item>
     <ID>S</ID>
     <KEY>S_FUN</KEY>
     <ENTRY>Function Module Name</ENTRY>
     <LENGTH>28</LENGTH>
    </item>
    <item>
     <ID>S</ID>
     <KEY>S_FUNI</KEY>
     <ENTRY>Function Module Include</ENTRY>
     <LENGTH>31</LENGTH>
    </item>
    <item>
     <ID>S</ID>
     <KEY>S_INC</KEY>
     <ENTRY>Include Program</ENTRY>
     <LENGTH>23</LENGTH>
    </item>
    <item>
     <ID>S</ID>
     <KEY>S_OBJ</KEY>
     <ENTRY>Program Name</ENTRY>
     <LENGTH>20</LENGTH>
    </item>
    <item>
     <ID>S</ID>
     <KEY>S_PACK</KEY>
     <ENTRY>Package</ENTRY>
     <LENGTH>15</LENGTH>
    </item>
    <item>
     <ID>S</ID>
     <KEY>S_TAB</KEY>
     <ENTRY>Table</ENTRY>
     <LENGTH>13</LENGTH>
    </item>
   </TPOOL>
  </asx:values>
 </asx:abap>
</abapGit>
